id,question
1,What key points should I include in my outline for the project summary?
1,How can I effectively manage my time during the 45-minute writing session?
1,What strategies can I use to ensure my summary is concise and clear within the 2-page limit?
1,How should I approach the revision process after completing the initial draft?
1,Are there any specific writing techniques that can help improve the quality of my project summary?
2,What is the best way to categorize different food items while organizing the pantry shelves?
2,How can I efficiently clean each shelf after removing all items from it?
2,Should I use any specific organizing tools or containers to help with the restocking process?
2,What strategies can I use to maintain the order in my pantry once I finish organizing it?
2,Are there recommended methods to decide which items to keep or discard while organizing my pantry?
3,What specific movements should I include in my warm-up to best prepare for my routine?
3,How can I ensure I am doing the hip circles and shoulder mobility exercises correctly?
3,What is the optimal order for performing leg swings within my mobility routine?
3,Are there any variations or modifications for the mobility routine if I experience discomfort during the exercises?
3,What are some tips for maintaining consistency in my daily practice of this 20-minute routine?
4,What are the most important concepts I should focus on while reviewing chapter 3 notes?
4,How can I effectively summarize the key ideas from my notes into three concise sentences?
4,Are there specific highlighting techniques that can enhance my retention of chapter 3 material?
4,What should I do if I find it difficult to identify the main points in my notes?
4,How often should I review these notes to reinforce my memory effectively?
5,What central theme should I focus on for my blog outline to engage my audience effectively?
5,How can I identify and develop relevant subtopics that stem from the main topic for a detailed outline?
5,What are some techniques I can use to visually organize my ideas while mind mapping?
5,Can you provide examples of supporting points that would strengthen my subtopics in the outline?
5,How can I ensure that my outline flows logically and maintains a coherent structure throughout?
6,What specific supplies do I need to gather before starting to clean the sink and counter?
6,How can I efficiently scrub the sink to ensure I remove all stains and grime?
6,What is the best method for wiping down the counter to achieve a thorough clean?
6,Are there any tips for rinsing surfaces effectively to prevent water spots?
6,How does cleaning the sink and counter in one batch improve my overall cleaning efficiency?
7,What specific objectives should I include to ensure my fitness plan is effective for the week?
7,How can I best distribute my workout days to maximize recovery while meeting my goals?
7,What intensity levels should I set for each workout to align with my weekly objectives?
7,Are there recommended exercises I should incorporate to reach both my short-term and long-term fitness goals?
7,How often should I reassess my fitness plan to ensure it continues to align with my evolving objectives?
8,What specific topics should I include in the agenda for our upcoming meeting?
8,How can I effectively categorize the agenda items based on their urgency and importance?
8,What is the best approach to finalize the order of topics for the meeting agenda?
8,Are there any tools or templates that can help me organize the meeting agenda efficiently?
8,What are some common pitfalls to avoid when creating a meeting agenda?
9,What is the best way to effectively review the vocabulary flashcards during the practice session?
9,How should I identify which flashcards I find most challenging while studying?
9,Can you explain the idea behind reviewing the difficult cards again after a short break?
9,What strategies can I use to help me remember the vocabulary more efficiently over time?
9,Is there a recommended method for tracking my progress with the flashcard study sessions?
10,What categories should I create for organizing my downloads folder effectively?
10,How can I identify and remove duplicate files from my downloads folder?
10,What is the best approach to sort different types of files within the newly created folders?
10,Is there a specific tool or software that can assist me in managing and sorting my digital clutter?
10,How can I maintain my downloads folder organization over time to prevent digital clutter from accumulating again?
11,What are effective strategies for identifying the key message I want to convey in my introduction?
11,Can you suggest techniques to create an engaging hook that captures the audience's attention right away?
11,How can I structure the introductory paragraph to ensure clarity and flow while maintaining interest?
11,What common pitfalls should I avoid when preparing the introduction to my presentation?
11,Are there examples of strong introductory messages that could inspire my own presentation introduction?
12,What specific warm-up exercises should I include before starting the yoga flow?
12,Can you suggest a sequence of poses for the 30-minute flow that balances strength and flexibility?
12,How can I ensure my cool down is effective for relaxation after the yoga session?
12,What are some tips for maintaining focus and energy during the 30-minute flow?
12,Are there any common mistakes to avoid when performing this medium-energy yoga routine?
13,What specific insights from today do I want to include in my reflection?
13,Can you suggest techniques to identify my biggest challenge of the day?
13,How can I effectively express my gratitude in just one sentence?
13,What are some common themes in daily reflections that can enhance my journaling experience?
13,Is there a recommended format or structure for the insights and challenges to ensure they are clear?
14,What materials should I use for the initial sketches to ensure clarity in my designs?
14,How can I best manage my time to remain within the 40-minute estimate for all three concepts?
14,Are there specific approaches or techniques I should incorporate while refining the lines for each concept?
14,Can you suggest ways to stay motivated during the task of sketching multiple concepts?
14,What should I do if I get stuck or feel uninspired while creating the second or third design?
15,What specific cleaning supplies do I need to effectively clean the microwave interior?
15,Is there a particular technique I should follow to avoid damaging the microwave while cleaning?
15,How can I ensure that the turntable is properly cleaned without scratching it?
15,What are some tips to speed up the drying process after I've wiped down the surfaces?
15,"Are there any health precautions I should take while cleaning the microwave, especially regarding cleaning agents?"
16,What criteria should I use to prioritize the pull requests in the review list?
16,How can I effectively communicate feedback to the developers regarding the pull requests?
16,What tools or techniques can I use to track the status of each pull request as it moves through the review process?
16,Are there specific common issues I should look for when reviewing code in pull requests?
16,How can I ensure that the review process stays on track within the estimated duration of 45 minutes?
17,What position should I sit in for optimal comfort during my breathing practice?
17,Are there any specific environments that can enhance my meditation experience?
17,How can I seamlessly integrate this meditation routine into my daily habits?
17,What should I focus on mentally while I'm inhaling and exhaling to maximize the benefits?
17,"Is it necessary to maintain a strict timing for inhalation and exhalation, or can I adjust it based on my comfort?"
18,What type of protein should I cook to keep the lunchbox interesting for tomorrow?
18,Can you suggest some nutritious vegetables that pair well with my protein choice?
18,What are some quick and healthy snack options I can include in the lunchbox?
18,How can I ensure that the lunch stays fresh until it’s time to eat tomorrow?
18,What tips do you have for making my lunchbox visually appealing to encourage me to eat it?
19,What key findings should I focus on when summarizing my research for the reflection?
19,How can I effectively incorporate my personal interpretation without straying too far from the research facts?
19,What criteria should I consider for scoring the quality of my reflection once it's completed?
19,Are there specific examples or formats that work best for a 1-page reflection in this context?
19,How can I manage my time efficiently to ensure I complete this task within the estimated 30 minutes?
20,What is the most efficient way to sort and categorize the items in my wardrobe drawers?
20,How can I ensure that I have enough space to fold and organize everything without feeling overwhelmed?
20,Are there specific techniques or methods for folding clothes that maximize space in the drawers?
20,What is the best order to follow when emptying and restocking the drawers for optimal organization?
20,How can I maintain this organization system in my wardrobe after I've completed the task?
21,What are some effective warm-up exercises to get my fingers ready for practicing guitar chords?
21,How can I improve my chord transitions to make them smoother during practice?
21,What techniques can I use to maintain focus during my 30-minute practice session?
21,Are there specific chord progressions that I should prioritize for better practice results?
21,What can I do to track my progress and stay motivated while practicing guitar?
22,What type of fruit should I use for a balanced smoothie?
22,Can you recommend a yogurt that's low in sugar for the smoothie?
22,How can I incorporate seeds to boost the nutritional value of my breakfast?
22,What is the best way to store my smoothie in the fridge to keep it fresh?
22,Are there any tips to make preparing smoothies in the morning quicker and more efficient?
23,What are the key tasks I should include for the upcoming sprint based on last week's review?
23,How do I determine the effort estimation for each task effectively?
23,What criteria should I use to assign owners to each sprint task?
23,What strategies can help ensure that all tasks align with our sprint priorities?
23,How can I keep track of the estimated durations for each task to ensure we stay on schedule?
24,What specific cleaning supplies should I gather before starting to clean the living room surfaces?
24,How can I prioritize cleaning tasks to make the most efficient use of my 30-minute timeframe?
24,Are there any tips for effectively dusting shelves without missing hard-to-reach areas?
24,What is the best method to wipe down the table and ensure it is streak-free afterward?
24,Is there a recommended order for cleaning the TV stand and other surfaces to minimize dust redistribution?
25,What are some techniques I can use to improve my circle and square drawing skills?
25,How can I creatively combine different shapes in my practice session?
25,Are there any online resources or tutorials that can help me enhance my shape-drawing abilities?
25,What materials or tools would be best for practicing drawing basic shapes effectively?
25,Can you suggest any specific exercises to help visualize the relationships between different shapes?
26,What specific sections should I include in the outline for the new feature's documentation?
26,How can I effectively draft the introductory section to clearly convey the purpose of the new feature?
26,What are some best practices for refining examples to ensure they are helpful and relevant to users?
26,How can I estimate which parts of the documentation will require more time to write or edit?
26,Are there any tools or resources that can assist me in organizing my notes and examples while writing?
27,What specific cleaning supplies do I need to effectively clean the stovetop?
27,Are there any tips for removing burnt-on stains from the surface?
27,How often should I perform a deep clean on my stovetop?
27,Can you suggest a step-by-step guide for cleaning the burners without damaging them?
27,What is the best method to ensure the grates are free of grease and debris after removal?
28,What strategies can I use to effectively solve challenging coding problems in a limited time?
28,How can I structure my review process after solving a coding question to maximize learning?
28,What techniques help maintain concentration and focus during intense coding practice sessions?
28,Are there specific platforms or resources you recommend for finding difficult coding interview problems?
28,How do I handle feelings of frustration or discouragement when I can't solve a tough problem during my practice?
29,What criteria should I consider when selecting recipes for the meal plan?
29,How do I effectively assign meals to specific days of the week?
29,What is the best way to create a shopping list based on my chosen recipes?
29,Can you suggest any tools or resources to help streamline the meal planning process?
29,Are there any tips for accommodating dietary restrictions in my meal plan?
30,What techniques can I use to ensure I'm reading actively and not just skimming the pages?
30,How can I effectively summarize the key ideas after I finish reading each page?
30,What strategies can I implement to maintain my focus while the timer is running?
30,Are there specific times of day that are better for reading to enhance retention of information?
30,How should I approach the task if I find myself struggling with concentration during my reading session?
31,What tools or materials do I need to get started with organizing my cables effectively?
31,How can I ensure that the labels I create for my cables are clear and easy to read?
31,Is there a particular method or technique recommended for tying and routing cables to avoid tangles?
31,What is the best way to identify which cables are connected to which devices before unplugging them?
31,How often should I revisit this task to maintain an organized setup behind my desk?
32,What key achievements should I focus on to make my cover letter stand out?
32,How can I tailor my introduction to align with the specific job I'm applying for?
32,What is the best way to ensure my message follows the SMART structure for clarity?
32,How can I effectively balance my personal story with professional accomplishments in the draft?
32,Are there any common mistakes to avoid when writing a cover letter that could diminish its impact?
33,What specific warm-up exercises should I include before I start practicing the scales?
33,How can I effectively track my progress as I increase the tempo while practicing?
33,What are some techniques to maintain accuracy while playing at a faster speed?
33,"Is it beneficial to vary the scales I practice each session, or should I focus on the same ones for a while?"
33,How do I know when I am ready to move on to more complex exercises beyond practicing scales?
34,What materials do I need to effectively wipe down the fridge shelves during the cleaning process?
34,Can you suggest a method for organizing items within the fridge after cleaning?
34,Are there any specific cleaning solutions recommended for removing tough stains on the shelves?
34,How should I prioritize which items to remove first to streamline the cleaning task?
34,"Is it beneficial to clean the fridge shelves regularly, and if so, how often should I be doing this?"
35,What specific expenses should I focus on while reviewing the financial budget?
35,How can I effectively compare different expense categories to identify areas for adjustment?
35,What tools or methods do you recommend for tracking and adjusting budget limits?
35,How often should I conduct this budget review to stay aligned with my financial goals?
35,What common mistakes should I avoid during the financial budget review process?
36,What specific fruits work best for making a smoothie bowl and should I use fresh or frozen ones?
36,Can you suggest some healthy toppings that would pair well with my smoothie bowl?
36,What are some efficient ways to integrate this task into my morning routine without feeling rushed?
36,Is there a recommended storage method to keep my smoothie bowl fresh if I make it the night before?
36,How can I modify the recipe if I want to make a smoothie bowl suitable for a vegan diet?
37,What specific materials should I use to effectively practice shading techniques like gradients and cross-hatching?
37,Can you suggest a step-by-step process to practice soft shading for better results?
37,How can I assess my progress in improving my shading skills over the 30-minute practice session?
37,Are there any online resources or tutorials that you recommend for enhancing drawing shading techniques?
37,What are some common mistakes to avoid when practicing different shading methods like gradients and cross-hatching?
38,What is the best way to structure the wins and challenges sections in my retrospective notes?
38,How can I effectively highlight improvements that were suggested during the sprint?
38,Are there any specific examples I should include to illustrate the challenges faced by the team?
38,What common pitfalls should I avoid when writing the retrospective notes?
38,How can I ensure that my notes facilitate productive discussions in the next sprint planning session?
39,What specific cleaner should I use for the oven interior to ensure it's effective and safe?
39,Are there any recommended tools or materials I need to scrub the racks properly?
39,Can you provide tips on the best technique for wiping down the oven interior to avoid streaks?
39,How do I tackle stubborn stains or baked-on grease that might not come off easily?
39,"What should I do if my oven has a self-cleaning feature, and is it better to use that instead of manual cleaning?"
40,How can I make sure I am inhaling and exhaling properly during the practice?
40,What should I do if I find it difficult to hold my breath for 2 seconds?
40,Are there any benefits to practicing yoga breathing in a particular environment?
40,How can I track my progress as I practice this breathing routine daily?
40,What time of day is most effective for incorporating this breathing exercise into my routine?
41,What categories should I consider when organizing my bookshelf at home?
41,How can I efficiently sort my books to minimize the time spent on this task?
41,What tools or supplies might help me arrange my bookshelf more neatly after categorizing?
41,Can you suggest a method to visualize my progress while I organize my bookshelf shelf-by-shelf?
41,Are there any tips for maintaining this organization once my bookshelf is sorted by category?
42,What specific details should I include for each endpoint in the documentation?
42,Can you suggest effective examples to illustrate how to use the API endpoints?
42,What common error codes should be documented and how should they be explained?
42,How can I ensure the documentation is user-friendly and easy to understand for developers?
42,What approach should I take to start the documentation considering the final API usage?
43,What specific audio resources do you recommend for medium-level listening exercises?
43,How should I effectively note down new vocabulary during the practice session?
43,Can you suggest a method to incorporate spaced intervals into my listening practice for better retention?
43,What strategies can I employ to improve my pronunciation while repeating phrases from the audio?
43,How can I track my progress in language listening comprehension over time?
44,What ingredients do I need to chop for this simple recipe?
44,How should I properly cook the protein to ensure it's done in 45 minutes?
44,What is the best way to plate the meal for an appealing presentation?
44,Can you suggest a structured time block to efficiently manage the dinner preparation?
44,Are there any tips to make chopping ingredients quicker and easier?
45,What specific type of cleaner is most effective for achieving streak-free windows?
45,Are there any particular tools or materials I should use to ensure the best results for cleaning my living room windows?
45,How can I structure my cleaning routine to maximize efficiency while tackling this task?
45,Is there a recommended technique for drying the edges after cleaning to avoid leaving water marks?
45,How often should I clean my living room windows to maintain clarity and cleanliness?
46,What are some effective strategies to come up with three things I'm thankful for each day?
46,How does writing a gratitude list help improve my overall mood and mental clarity?
46,"Can I incorporate my gratitude list into a broader journaling practice, or should it be separate?"
46,What time of day is best for reflecting on my gratitude to maximize the benefits of this task?
46,Are there specific prompts or themes I can use to make writing my gratitude list easier?
47,What specific warm-up exercises should I include before starting my strength training routine?
47,How many sets and reps should I aim for in each strength exercise during my workout?
47,What is the best way to track my repetitions effectively while focusing on my strength training?
47,Can you suggest some tips for maintaining high energy levels throughout my challenging strength training session?
47,Are there any recommended cooldown stretches to incorporate after completing my strength workout?
48,What specific events should I focus on during this calendar review?
48,How can I determine which events require priority adjustments?
48,What types of notes should I add for each event to enhance clarity?
48,Is there a particular order in which I should review my calendar events?
48,How often should I conduct these weekly reviews for optimal organization?
49,What specific techniques can I use to apply the rule of thirds effectively in my photography?
49,Can you suggest some example scenarios where leading lines enhance composition?
49,How can I measure my progress in photography composition after the 40-minute practice session?
49,Are there any common mistakes to avoid when practicing these compositional techniques?
49,What tools or resources can help me better understand visual mapping in photography?
50,What is the most effective way to categorize items in my kitchen cabinets?
50,How should I decide which items to keep and which to discard during this organization process?
50,Are there specific cleaning products recommended for wiping down cabinet shelves?
50,What strategies can I use to ensure I don't feel overwhelmed while organizing multiple cabinets?
50,Can you suggest a timeline for tackling this task if I want to break it down into smaller steps over several days?
51,What specific aspects of my studies should I focus on when setting my goals for the week?
51,How can I effectively determine realistic deadlines for each of my study objectives?
51,What resources should I consider including in my goals to enhance my study sessions?
51,Can you provide an example of how to structure my goals using the SMART criteria?
51,What strategies can I use to track my progress on these study goals throughout the week?
52,What type of cleaner is most effective for removing soap scum from shower tiles?
52,Can you suggest the best scrubbing tools to use for tough stains on shower walls?
52,How do I ensure that I rinse the tiles thoroughly without leaving any cleaner residue?
52,What other cleaning tasks can I batch together with cleaning the shower walls to make the process more efficient?
52,Is there a recommended frequency for cleaning shower walls to prevent buildup and maintain cleanliness?
53,What specific warm-up exercises should I do before starting the HIIT workout?
53,Can you suggest a series of intervals that would fit within the 25-minute timeframe?
53,What cool-down activities are most effective after a high-intensity session?
53,How can I maintain my energy levels throughout this challenging workout?
53,Are there any common mistakes to avoid during a HIIT session to ensure safety and effectiveness?
54,What are the best techniques for sorting through a large number of emails to quickly identify and flag important ones?
54,How can I effectively archive emails that I might need to refer back to later without cluttering my inbox?
54,What criteria should I use to determine which emails are worth flagging as important?
54,Can you suggest any tools or features within my email application that can assist with this organizing process?
54,How often should I revisit and maintain my inbox organization to prevent it from becoming cluttered again?
55,What techniques can I use to brainstorm effectively for generating creative ideas?
55,Could you suggest some prompts or themes to guide my ideation process for this task?
55,How can I ensure that the short descriptions I write for each idea are engaging and clear?
55,What are some strategies to overcome writer's block while working on this creative task?
55,Is there a specific format or structure that I should follow when writing down my ideas?
56,What steps should I follow to effectively check my pantry before creating the grocery list?
56,How can I ensure I categorize the items correctly by store section for easier shopping?
56,Are there specific tools or apps that can help me in organizing my grocery list more efficiently?
56,What strategies can I use to avoid forgetting items that I might need during the week?
56,How does preparing a grocery list ahead of time contribute to my overall planning and consistency in meals?
57,How can I integrate mindfulness meditation into my existing daily routine effectively?
57,What specific breathing techniques should I use during my practice to enhance focus?
57,Are there any tools or apps that can assist me in tracking my meditation sessions?
57,What environment do I need to create to maximize my mindfulness practice?
57,How can I address distracting thoughts that arise during meditation?
58,What are the most crucial concepts I should focus on while reviewing my coding notes?
58,How can I effectively highlight key ideas without overwhelming my notes with too much color?
58,What is a good method to summarize my notes after highlighting important points?
58,How can I structure my review session to ensure I stay focused for the full 20 minutes?
58,Are there specific techniques or tools you recommend for improving retention while studying coding material?
59,What supplies do I need to effectively scrub the kitchen sink?
59,How can I keep the sink clean longer after I finish this quick task?
59,Are there any specific techniques to ensure the sink dries quickly after wiping it down?
59,Is there a particular cleaning solution that works best for different sink materials?
59,What are some other quick cleaning tasks I can do in the kitchen after finishing the sink?
60,What are the best strategies to start the central node for product feature ideas?
60,How can I effectively branch out features from the central node to ensure clarity?
60,What types of notes should I include under each feature to enhance understanding?
60,Are there specific tools or software recommendations for creating a mind map for this task?
60,How can I visually represent the relationships between different features to aid in prioritization?
61,What are the specific stretches I should focus on for my hamstrings and quads?
61,How can I ensure I'm holding each stretch for the recommended duration without losing track of time?
61,Are there any tips for improving my flexibility more effectively during this routine?
61,What should I do if I feel discomfort while stretching any of these muscle groups?
61,Can I incorporate any breathing techniques to enhance my stretching practice?
62,What are the most effective strategies for sorting files on my desktop?
62,Can you recommend a method for creating folders that makes sense for my workflow?
62,How do I identify and delete duplicate files without losing important data?
62,What are some tips for maintaining an organized desktop after the initial cleanup?
62,How can I use the GTD method to categorize my files effectively while organizing?
63,What criteria should I use to determine which task to highlight for the day?
63,How can I effectively schedule time for each task on my list?
63,Are there specific tools or apps that can help me create my daily task list more efficiently?
63,What strategies can I implement to stay focused on my highlighted task throughout the day?
63,How often should I review and adjust my daily task list to maintain organization?
64,What steps should I follow to effectively draw the horizon line and vanishing points?
64,Can you suggest a few simple shapes that are great for practicing perspective drawing?
64,How can I measure my improvement in perspective accuracy over time with these drills?
64,What techniques can I use to enhance my understanding of perspective while drawing?
64,Are there any common mistakes to avoid when practicing perspective drawing specifically for beginners?
65,What specific ingredients do I need to chop for the lunch meal preparation?
65,How long should I cook the protein to ensure it's properly done?
65,Can you suggest some quick ways to assemble the meal efficiently?
65,What are some tips for managing my time while preparing this meal in about 30 minutes?
65,Are there any common mistakes I should avoid while cooking proteins?
66,What specific metrics should I look at when gauging my progress toward my monthly goals?
66,How can I effectively adjust my goals if I find I'm not on track this month?
66,What type of notes should I be adding during this review to aid future planning?
66,Is there a recommended method to prioritize which goals to focus on in my monthly review?
66,How can I integrate insights from my weekly reviews into my overall monthly goal assessment?
67,What specific techniques can I use to improve my balance when standing on one leg?
67,How can I determine if I'm shifting my weight correctly during the exercise?
67,Are there any warm-up activities I should do before starting balance exercises?
67,What signs indicate that I'm ready to move on to more challenging balance tasks?
67,How often should I incorporate these balance exercises into my fitness routine for optimal results?
68,What specific key points should I focus on while reading the article to write an effective summary?
68,How can I incorporate my personal reflections into the summary without making it too subjective?
68,What strategies can I use to ensure that I stay within the estimated 25-minute timeframe for this task?
68,Are there particular formats or structures that are recommended for writing a summary that enhances clarity and coherence?
68,How does scoring my summary contribute to a better understanding of the material covered in the article?
69,What specific vacuum settings should I use for different types of flooring?
69,Are there any recommended cleaning solutions for wiping down corners effectively?
69,How can I organize items on the floor quickly while cleaning?
69,What is the best order to tackle each cleaning step for maximum efficiency?
69,How can I make sure I stay motivated to complete the task within 15 minutes?
70,What specific scales should I focus on while humming during my warm-up session?
70,How can I effectively measure my breathing techniques as I practice?
70,What are some simple notes I can use for my singing practice?
70,Is there a particular time of day that is best for my vocal warm-up exercises?
70,How often should I practice these warm-ups to see noticeable improvement in my vocal control?
71,What specific criteria should I use to sort my clothes effectively before I start organizing my hangers?
71,"Are there any recommended types of hangers that work best for different kinds of clothing, such as heavy items or delicate fabrics?"
71,How can I prevent feeling overwhelmed while sorting and organizing my wardrobe if I have a lot of clothes?
71,Is it more efficient to arrange my clothes by type or by color once I've sorted and replaced the hangers?
71,What should I do with clothes that I decide to remove from my wardrobe during this organization task?
72,What techniques can I use to effectively develop my central idea for the brainstorming session?
72,How can I ensure that my subtopics are relevant and expand on my main concept?
72,What visual tools or software do you recommend for creating a mind map that will enhance my brainstorming process?
72,Can you suggest any strategies for overcoming mental blocks while generating ideas during this task?
72,How do I determine if I have adequately covered all necessary aspects of my topic in the brainstorming phase?
73,What specific vegetables do I need to chop for dinner tonight?
73,How long should I marinate the protein to enhance the flavor?
73,What is the best way to store the chopped vegetables to keep them fresh until I cook?
73,Are there any tips to streamline my chopping process and save time?
73,How can I ensure that my dinner preparation aligns with my evening schedule effectively?
74,What are the key milestones I should identify in the project timeline?
74,How can I effectively adjust the deadlines for each milestone?
74,What tools can assist me in updating the tasks linked to the project timeline?
74,Can you suggest a method for visually mapping timeline dependencies based on the milestones?
74,What factors should I consider when reviewing and revising the project timeline?
75,What specific variations of planks should I incorporate into my routine?
75,How many repetitions of crunches should I aim for during this session?
75,Can you suggest modifications for leg raises if I'm a beginner?
75,What are the best techniques to ensure proper form while doing these exercises?
75,How can I track my progress over time for these core workouts?
76,What specific key points should I focus on while reviewing the slides to maximize my understanding?
76,How can I effectively summarize the main ideas in just three sentences after going through the slides?
76,Are there any tips for retaining information better during my review sessions of the lecture slides?
76,What is the best way to structure my time to ensure I complete the review in the estimated 20 minutes?
76,Should I take breaks between reviewing different sections of the slides to enhance my retention?
77,What cleaning supplies do I need to have ready before I start?
77,How can I make sure I don't miss any spots on the edges while cleaning?
77,Is it best to use a specific type of cloth for drying the table?
77,What other quick cleaning tasks can I do immediately after wiping the table?
77,How often should I plan to clean the dining table to keep it looking its best?
78,What specific warm-up exercises should I do before starting the jump rope routine?
78,How many sets of 1-minute jump intervals should I aim to complete during the practice?
78,What is the ideal duration of rest between each jumping set to maximize my performance?
78,Can you suggest tips for maintaining proper form while jumping rope to avoid injury?
78,How can I track my progress effectively throughout this 15-minute jump rope session?
79,How do I start identifying a central theme for my weekly content ideas?
79,What techniques can I use to effectively branch out five ideas from my main theme?
79,Can you suggest strategies for adding insightful notes to each of my content ideas?
79,What resources or tools can assist me in mind mapping for generating content ideas?
79,How can I ensure that my content ideas are both creative and relevant to my audience?
80,What specific cleaning supplies do I need to prepare for organizing the bathroom cabinet?
80,How should I decide which items to keep and which to discard while organizing?
80,What categories would make the most sense for organizing the items in my bathroom cabinet?
80,Are there any tips for maximizing the space in my cabinet after restocking it?
80,How can I prevent clutter from building up in the bathroom cabinet in the future?
81,What type of containers work best for portioning the fruit snacks?
81,Are there specific fruits that pair well together for the snack boxes?
81,How can I efficiently cut and prep the fruit without making a mess?
81,What is the best way to store the boxes in the refrigerator to maximize their freshness?
81,"Can I prepare the fruit snack boxes in advance, and how long will they stay fresh?"
82,What specific updates do I need to make to each team member's tasks on the board?
82,How can I effectively determine which next steps to assign for each task being reviewed?
82,What criteria should I use to assess the statuses of the tasks during the review process?
82,Is there a way to prioritize tasks while reviewing them based on their current progress?
82,How can I ensure that all team members are aligned on the next steps after the review?
83,What specific warm-up exercises should I do before starting my squats to ensure I'm properly prepared?
83,How can I measure the depth of my squats to ensure I'm practicing effectively?
83,"What techniques can I use to maintain proper form during slow squats, especially if I'm new to this exercise?"
83,Is there a recommended number of repetitions or sets I should aim for within the 20-minute practice session?
83,What are some common mistakes to avoid while practicing squat technique that could hinder my progress?
84,What themes work well for a brief poem focused on personal experiences or feelings?
84,How can I effectively refine my wording to enhance the emotional impact of my poem?
84,Can you suggest some techniques to brainstorm ideas quickly for my poem theme?
84,What are some common poetic structures I can use to fit my four lines effectively?
84,How do small creative tasks like writing a poem contribute to my overall productivity and motivation?
85,What specific tools do I need to effectively clean the hallway floor?
85,Is there an ideal cleaning solution I should use for mopping?
85,Can I combine this task with other cleaning activities to save time?
85,How long should I allow the floor to dry after mopping?
85,What are some tips for sweeping efficiently before mopping?
86,What specific expenses should I focus on while comparing categories in my monthly finance review?
86,How can I effectively adjust my budget after identifying discrepancies in my expenses?
86,What tools or methods can I use to track and categorize my spending more accurately?
86,Is there a recommended frequency for auditing my finances beyond the monthly review?
86,How can analyzing past financial habits improve my budgeting for the upcoming month?
87,What specific typing tests do you recommend for improving my speed and accuracy?
87,How can I effectively track my progress during the typing practice sessions?
87,What types of drills should I repeat to see noticeable improvements in my typing skills?
87,Can you suggest any tools or resources that offer structured typing exercises?
87,How can I maintain my motivation during the 20-minute practice sessions for better results?
88,What ingredients do I need to make a basic omelette?
88,How can I efficiently prepare the vegetables for my omelette?
88,What cooking methods can I use to achieve the best texture for the eggs?
88,Are there any quick variations I can try to make my omelette more interesting?
88,How do I properly fold the omelette without breaking it?
89,What are some effective themes to focus on for daily affirmations?
89,How can I ensure my affirmations are meaningful and impactful for my mindset?
89,Is there a specific format I should follow when writing my affirmations?
89,What are some tips for reading my affirmations aloud to maximize their effect?
89,How can I track the progress of my mindset improvement through these affirmations?
90,What are some specific plank variations I can incorporate into my routine besides the ones listed?
90,How can I ensure I maintain proper form during the side plank to avoid injury?
90,What modifications can I make to the knee-to-elbow plank if I'm struggling with the standard version?
90,Can you suggest a warm-up routine or stretches to prepare my body for this 20-minute core workout?
90,What benefits should I expect from regularly practicing these plank variations over time?
91,What specific items should I prioritize keeping on my desk while organizing?
91,Are there any recommended methods for sorting and categorizing the items I find?
91,How can I efficiently clear my desk within the estimated 15 minutes?
91,What are some common distractions to avoid while organizing my study area?
91,Can you suggest ways to maintain a clutter-free desk after the initial organization process?
92,What specific issues should I be looking for when writing feedback notes about the product?
92,How can I effectively prioritize the issues I've identified in my feedback notes?
92,What strategies can I use to propose feasible improvements based on the product's intended outcomes?
92,Can you provide examples of how to structure my feedback to ensure clarity and impact?
92,What tools or methods can help me stay organized while listing and analyzing product issues?
93,What specific colors should I start blending for my practice session?
93,What techniques can I use to achieve smoother gradients between the colors?
93,How can I effectively refine the edges after blending to make them look sharper?
93,Are there any common mistakes I should avoid while practicing my blending technique?
93,How often should I practice these drills to see significant improvement in my blending skills?
94,What supplies do I need to clean the kitchen floor effectively?
94,Are there any recommended techniques for sweeping and mopping to maximize cleanliness?
94,How can I ensure the floor dries thoroughly without leaving any streaks?
94,"Is it more efficient to clean the floor after doing other kitchen tasks, or should it be done separately?"
94,What should I do if I encounter stubborn stains while cleaning the floor?
95,What strategies can I use to effectively mark the difficult flashcards during my review?
95,How can I schedule my flashcard review sessions to maximize retention over time?
95,Is there a recommended method for prioritizing which flashcards to review first?
95,What are some tips for making the flashcard review process more engaging and less tedious?
95,How do I know if I have sufficiently mastered the material on the flashcards?
96,What types of vegetables are best suited for a stir-fry that takes around 25 minutes to prepare?
96,Can you suggest any specific seasonings that would enhance the flavor of my vegetable stir-fry without overpowering it?
96,What cooking techniques should I use to ensure that the vegetables retain their texture and color during the stir-frying process?
96,Are there any tips for chopping the vegetables quickly and uniformly to save time in my cooking routine?
96,How can I effectively integrate this meal preparation into my evening schedule to maintain consistency in my cooking habits?
97,What are some tips for maintaining balance in tree pose and warrior III?
97,How can I modify these yoga poses if I'm struggling with my stability?
97,Are there any specific breathing techniques to use while practicing these poses?
97,What equipment or props do I need to effectively practice balance yoga poses?
97,How can I track my progress in improving my balance through these exercises?
98,"What format should I use to organize my three wins, three challenges, and three things I’m grateful for in my reflection?"
98,Can you suggest some prompts or examples to help me identify and articulate my wins for the week?
98,How can I ensure that my gratitude entries are meaningful and not just generic statements?
98,What strategies can I use to effectively reflect on my challenges without feeling overwhelmed or discouraged?
98,Is there a recommended time or environment that is best for writing this weekly reflection to enhance clarity and focus?
99,What are the best ways to categorize different types of makeup products?
99,How can I clean my makeup drawer effectively without damaging any items?
99,What storage solutions do you recommend for organizing my makeup into sections?
99,What tools or materials do I need to complete this task efficiently?
99,How can I maintain the organization of my makeup drawer once it's tidy?
100,How can I effectively integrate breathing exercises into my morning routine without feeling rushed?
100,What are some ways to stay focused during the 10 minutes of breathing practice?
100,Are there specific times during the day that would maximize the benefits of these breathing exercises?
100,How can I track my progress or improvements while practicing these breathing techniques over time?
100,What should I do if I find it difficult to maintain the 4 seconds inhale and 6 seconds exhale ratio?
101,What are some effective techniques for memorizing physics formulas over spaced intervals?
101,Can you recommend any specific resources or reference materials to accurately review the formulas?
101,What strategies can I use to ensure I fully understand the sample problems I need to solve?
101,How can I effectively write out the formulas so that I retain the information better?
101,Are there any common challenges students face when studying physics formulas that I should be aware of?
102,What type of broom is most effective for sweeping debris off a balcony floor?
102,Are there specific cleaning solutions I should consider for mopping the balcony surface?
102,What is the best method to ensure the balcony dries quickly after cleaning?
102,"Can I combine this task with other outdoor chores to save time, and if so, which ones?"
102,How can I maintain the cleanliness of the balcony floor once it has been cleaned?
103,What specific warm-up exercises should I do before starting the push-up variations?
103,"How many sets and repetitions of incline, decline, and diamond push-ups should I aim for during the 20-minute session?"
103,Are there any tips for maintaining proper form while performing these different types of push-ups?
103,How can I modify these push-up variations if I find them too challenging at first?
103,What benefits can I expect from incorporating these push-up variations into my fitness routine?
104,What techniques can I use to create a strong central theme for my marketing headlines?
104,How can I ensure that my 10 variations cover different aspects of the central theme?
104,What criteria should I consider when evaluating the effectiveness of my headline ideas?
104,Are there specific mind mapping tools that can assist me in organizing my thoughts for this task?
104,How can I overcome writer's block while trying to generate headline variations?
105,What specific categories should I use to organize the items in my medicine cabinet?
105,How can I efficiently check the expiry dates of all the items without missing any?
105,Is there a recommended method for clearing out the cabinet to make the organization process easier?
105,What are some tips for maintaining an organized medicine cabinet once I have sorted everything?
105,How do I handle expired medications properly after I have identified them?
106,What specific types of fruits work best in overnight oats for optimal taste and nutrition?
106,"Can I modify the recipe to include non-dairy milk options, and if so, which ones are recommended?"
106,"How can I ensure the oats are the right texture after refrigeration, so they aren’t too watery or dry?"
106,What additional toppings or mix-ins can I add to enhance the flavor once I serve the oats?
106,"Are there any tips for making this a more efficient part of my evening routine, especially if I'm short on time?"
107,What specific methods can I use to list all project requirements effectively?
107,How do I identify potential blockers while reviewing these requirements?
107,What format should I use to update my notes on the project requirements?
107,Are there any recommended tools or techniques for visualizing requirement dependencies?
107,How can I ensure I am working backward properly to clarify the dependencies among the requirements?
108,What specific techniques should I focus on while performing bridges to maximize effectiveness?
108,How can I ensure that I'm properly activating my glutes during clamshells?
108,What variations of kickbacks can I try to target different muscle fibers in my glutes?
108,Are there any common mistakes to avoid when practicing these exercises to enhance my lower-body strength?
108,How can I incorporate these glute activation exercises into my daily routine for consistent results?
109,What are some techniques to effectively create a compelling introduction for my short story draft?
109,How can I develop my characters in a way that makes them relatable and interesting to readers?
109,What strategies can I apply to outline the main conflict in my story clearly and compellingly?
109,Can you suggest any prompts or exercises to help me overcome writer's block while drafting my story?
109,How can I structure my writing to ensure that I stay within the estimated 40-minute time frame for this task?
110,What supplies do I need to effectively clean the laundry area?
110,How can I best organize my detergents and cleaning products to maximize space?
110,What techniques should I use to clean the floor thoroughly without damaging it?
110,Are there any tips for maintaining the cleanliness of the laundry area after I clean it?
110,What are some common mistakes to avoid while cleaning this space?
111,What specific progress metrics should I look at while reviewing my study plan for the month?
111,How do I determine which goals need adjustments based on my progress this month?
111,What type of notes should I consider adding to my study plan for better clarity and future reference?
111,How can I effectively align my weekly reviews with my overall monthly study objectives?
111,Are there any tools or methods recommended for tracking my study progress throughout the month?
112,What specific stretches are most effective for improving shoulder mobility?
112,How many repetitions should I aim for when doing band pull-aparts during my practice?
112,Can you suggest a warm-up routine to help prepare my shoulders before doing these exercises?
112,What is the best technique for performing shoulder circles to maximize their benefits?
112,How often should I integrate this shoulder mobility practice into my weekly fitness schedule?
113,What specific features should I include in my comparison notes for the products?
113,How can I effectively score each feature to ensure a fair assessment?
113,What format should I follow for the summary of my product comparison notes?
113,Are there any tips for using the SMART structure to enhance my analysis?
113,How can I manage my time effectively to complete this task within the estimated duration?
114,What categories should I consider for sorting my craft supplies?
114,What type of labels work best for identifying containers in a craft space?
114,How can I maximize space when storing my organized craft materials?
114,What are some easy ways to maintain this organization over time?
114,How do I decide which items to keep and which to donate or discard?
115,What specific vegetables should I use for a flavorful soup?
115,How can I ensure the broth simmers properly without burning?
115,What tools do I need for chopping and blending the vegetables?
115,Can you suggest any seasonings that would enhance the taste of the soup?
115,What can I do with leftover soup if I make too much?
116,What strategies can I use to enhance my reading comprehension during this practice session?
116,How can I effectively summarize the passage to retain key points and details?
116,What types of questions should I focus on answering to test my understanding of the material?
116,Are there any specific techniques for spaced practice that might help improve my reading skills over time?
116,How can I assess my progress in reading comprehension after completing this task?
117,What specific tools or cleaning supplies do I need to effectively vacuum the seats and wipe the dashboard?
117,How can I make sure I don't miss any areas while cleaning the windows inside the car?
117,Are there any tips for organizing the cleaning process to ensure I complete everything in the estimated 40 minutes?
117,What is the best order to tackle each task in the car cleaning process for maximum efficiency?
117,Are there any common mistakes to avoid while cleaning the car interior that could impact the overall results?
118,What specific tasks should I include in my daily planning notes for better organization?
118,How can I determine which task to highlight for maximum focus throughout the day?
118,What is the best way to schedule time for each task in my planning notes?
118,Can you suggest techniques to improve my focus on the highlighted task during the day?
118,How often should I revisit and adjust my planning notes for ongoing effectiveness?
119,What specific techniques can I use to ensure I'm performing calf raises at the correct pace?
119,How long should I aim to hold the calf raise at the top of the movement for best results?
119,Can you suggest ways to incorporate calf raises into a daily fitness routine effectively?
119,What are some common mistakes to avoid when practicing calf raises to maximize their benefits?
119,How will consistently doing calf raises contribute to my overall stability in daily activities?
120,What specific modules should I focus on while reviewing the project structure?
120,How do I effectively update the board based on my findings from the review?
120,What steps should I prioritize assigning after I complete the review?
120,Are there any common pitfalls to avoid when assessing the coding project structure?
120,How can I best utilize the Kanban system to visualize the progress after my review?
121,What types of fruit work best for infusing water and why?
121,How long should I let the fruit sit in the water before drinking it?
121,Can I use fresh herbs along with the fruit for added flavor?
121,What is the best way to keep the infused water fresh throughout the day?
121,Are there any specific tips to remember when preparing this in the morning?
122,What specific techniques can I use to improve the accuracy of my eye sketches?
122,"How can I effectively combine the separate sketches of the eyes, nose, and mouth into a cohesive face?"
122,Are there any recommended exercises for practicing facial proportions that I can incorporate into my routine?
122,Can you suggest any resources or reference images that might help me while sketching human faces?
122,What should I focus on when sketching the features to ensure they fit well together in the final drawing?
123,What are the best ways to effectively empty my closet section for cleaning?
123,How should I approach folding clothes to maximize space and organization?
123,What steps can I take to reorganize my closet after cleaning to prevent clutter from returning?
123,Can you suggest strategies to tackle this task without feeling overwhelmed?
123,What tools or storage solutions could assist me during this closet cleaning process?
124,What are the best strategies for effectively scoring my answers on the exam practice test?
124,How can I identify my weaknesses after reviewing my mistakes from the test?
124,Are there specific resources or techniques I can use to improve my performance in areas where I struggled?
124,What is the recommended way to manage my time during the 40-minute review process?
124,Should I take note of recurring mistakes to track my progress over time?
125,What specific warm-up exercises should I do before starting kettlebell swings to prepare my muscles effectively?
125,How many sets should I aim for during my kettlebell swing workout to ensure a balanced routine?
125,What is the ideal amount of rest time I should take between each set of kettlebell swings to maximize performance?
125,Could you suggest a progression plan for someone starting with hard kettlebell swings who wants to build strength over time?
125,What tips can you provide to maintain proper form while performing kettlebell swings to prevent injury?
126,What strategies can I use to effectively memorize these chemistry equations over spaced intervals?
126,How should I approach rewriting each equation to reinforce my understanding?
126,Can you suggest some specific problems that will help me apply the chemistry equations I'm reviewing?
126,What should I do if I find certain equations particularly difficult to memorize or solve?
126,How can I track my progress and ensure that I'm sticking to the 25-minute study duration for this task?
127,What type of cleaner is best for cleaning kitchen tiles safely?
127,Are there any specific tools or cloths I should use for wiping the backsplash effectively?
127,How can I prevent streaks on the tiles after drying them?
127,Is there a recommended frequency for cleaning the kitchen backsplash to keep it looking fresh?
127,What are some tips to make the cleaning process faster and more efficient?
128,What specific warm-up exercises should I include before starting the lunges routine?
128,How many forward and side lunges should I aim to complete within the 20-minute timeframe?
128,Can you suggest tips for maintaining proper form while performing lunges to avoid injury?
128,What are the benefits of incorporating lunges into my fitness routine related to strength building?
128,How can I track my progress or improvements with the lunges over time?
129,What specific issues should I focus on when identifying problems in the current user experience?
129,How can I effectively suggest improvements that align with our desired UX outcomes?
129,What criteria should I use to prioritize the proposed improvements for the UX notes?
129,How can I ensure that my notes effectively communicate the rationale behind each suggested change?
129,Is there a particular format or structure that I should follow when listing the issues and improvements in my notes?
130,What specific categories should I use to organize my stationery items?
130,How can I efficiently sort my items before putting them back in the drawer?
130,Are there any recommended storage solutions for keeping the categorized sections neat?
130,What should I do with items that I don't use or need anymore after sorting?
130,How can I keep my stationery drawer organized in the long term after this initial process?
131,"What type of milk works best for making chia pudding, and can I use non-dairy options?"
131,How can I adjust the sweetness of the pudding to suit my taste preferences?
131,Is there a recommended ratio of chia seeds to liquid for achieving the right consistency?
131,What are some creative toppings or mix-ins I can add to enhance the flavor of the pudding?
131,How long should I refrigerate the chia pudding before serving for optimal texture and taste?
132,What specific criteria should I use to evaluate the tasks in the sprint backlog during my review?
132,How do I effectively update the statuses of tasks to reflect their current progress in the backlog?
132,What strategies can I implement to ensure that next steps assigned are realistic and achievable within the sprint duration?
132,Can you suggest ways to utilize Kanban visuals to communicate the backlog's progress to my team more effectively?
132,What common pitfalls should I avoid when reviewing the sprint backlog to ensure optimal productivity?
133,What specific exercises should I include for hip circles and stretches in my routine?
133,How can I ensure I am performing the controlled rotations safely and effectively?
133,Are there any particular warm-up movements I should do before starting the hip mobility practice?
133,What time of day is best to incorporate my 15-minute hip mobility session for maximum benefit?
133,Can you suggest modifications if I experience discomfort during any of the exercises?
134,What specific character traits should I focus on to make my sketches more engaging?
134,How can I effectively outline a character's background without overwhelming myself?
134,What are some techniques to explore a character's motivations deeply?
134,"Are there any tips for breaking down my writing goals into smaller, manageable tasks for this project?"
134,How can I ensure that each character sketch contributes to my overall creative output?
135,What tools do I need to effectively sweep and mop the entryway floor?
135,How can I ensure that the floor dries thoroughly after mopping?
135,What is the best order to complete these cleaning steps for maximum efficiency?
135,Are there any specific cleaning products recommended for mopping the entryway floor?
135,How can I incorporate this task into a regular cleaning schedule for the home?
136,What specific metrics should I look at when checking the performance of my investment portfolio?
136,How often should I consider adjusting my allocations based on market changes?
136,What kind of notes should I add during the review process to enhance my financial planning?
136,Are there any recommended tools or resources to help track the performance of my investments more effectively?
136,How do I know if my financial habits are improving based on this portfolio review?
137,What specific typing test should I use for my accuracy drills?
137,How can I effectively track my errors during these drills?
137,Are there recommended tools or software to help me practice typing accuracy?
137,What techniques can I apply to improve my typing precision over time?
137,How should I structure my 20-minute practice session for maximum effectiveness?
138,What utensils do I need to scramble eggs effectively?
138,How many eggs should I use for a single serving?
138,What type of seasoning works best to enhance the flavor without overpowering the eggs?
138,What is the optimal temperature for cooking the eggs slowly to achieve a creamy texture?
138,Are there any tips for cleaning up quickly after preparing scrambled eggs?
139,What format should I use to organize my three insights and challenge?
139,How can I ensure my gratitude statement feels genuine and meaningful?
139,What if I struggle to find a challenge to write about today?
139,Are there specific prompts I can use to help generate insights for my reflection?
139,How can journaling my reflections contribute to my overall personal development over time?
140,How can I ensure that I am performing glute bridges with proper form to maximize effectiveness?
140,What are some tips for maintaining the correct posture while holding at the top of the bridge?
140,Are there any common mistakes to avoid when practicing glute bridges for the best results?
140,How can I track my progress or improvement over time with this exercise?
140,Is it beneficial to incorporate variations of glute bridges into my routine after mastering the basic version?
141,What is the best way to start sorting my digital photos into different categories?
141,How can I efficiently identify and delete duplicate pictures from my collection?
141,What criteria should I use to decide which photos to keep or discard while organizing?
141,Can you suggest some recommended tools or software to assist me in creating photo albums?
141,How can I maintain my photo organization system to prevent digital clutter in the future?
142,What specific decisions need to be captured in the follow-up notes from yesterday's meeting?
142,How can I effectively assign tasks to team members to ensure accountability in the follow-up?
142,What are some tips for determining realistic deadlines for the tasks mentioned in the follow-up notes?
142,Can you explain how to structure the follow-up notes using the SMART criteria for better clarity?
142,What should I consider when prioritizing the tasks and deadlines listed in the follow-up notes?
143,What techniques can I use to create an effective base layer in my watercolor painting?
143,How can I choose the right colors for my mid-tone layer to enhance the overall composition?
143,What tips do you have for refining details on my watercolor piece without overworking the area?
143,Are there specific drills or exercises I can practice that focus solely on improving my watercolor layering skills?
143,How can I assess my progress after completing the layering process in my watercolor practice?
144,What specific cleaning supplies do I need to effectively scrub the stovetop burners?
144,Can you provide tips for removing stubborn grime or burnt-on food from the burners?
144,How can I ensure that the burners dry properly after rinsing to avoid water spots?
144,Is there a recommended order for cleaning the stovetop and the burners to optimize efficiency?
144,What are some best practices to follow while handling the burners to prevent damage during cleaning?
145,What specific strategies can I use to effectively mark the difficult cards during my review process?
145,How can I organize my study session to ensure I cover all the flashcards within the estimated 25 minutes?
145,What techniques can I apply to enhance my retention of the flashcards as I review them multiple times?
145,Is it beneficial to focus on a particular subset of flashcards that I find challenging before repeating the entire deck?
145,What tools or methods can help me track my progress and identify which flashcards require more attention?
146,What type of pasta is best for a dish that takes around 30 minutes to prepare?
146,Can you suggest a quick and flavorful sauce recipe to pair with the pasta?
146,What tips do you have for making sure the pasta and sauce are ready at the same time?
146,Are there any common mistakes I should avoid when cooking pasta?
146,How can I enhance the flavor of the dish without adding too much time to the cooking process?
147,What specific benefits should I look for as I practice sun salutations daily?
147,Can you suggest modifications for beginners to make the sun salutation sequence easier?
147,How can I ensure that I maintain proper form while performing the sequence slowly?
147,What are some tips to enhance my focus during yoga practice?
147,Is it advisable to incorporate sun salutations into my routine if I only have 20 minutes each day?
148,What specific areas of my life should I focus on when listing my personal goals for the week?
148,How can I effectively set realistic deadlines for each of my weekly goals?
148,What types of notes should I consider adding to enhance the clarity of my goals?
148,What strategies can I use to ensure that my weekly review truly aligns with my long-term personal values?
148,How can I manage my time effectively to complete this task within the estimated 25 minutes?
149,What is the best way to sort different types of shoes efficiently?
149,Do you have any tips for cleaning the shoe rack before arranging the shoes?
149,How should I approach arranging the shoes for maximum visibility and accessibility?
149,What can I do to maintain the organization of the shoe rack after I’ve sorted it?
149,How can I make the whole process quicker if I have more shoes than I expected?
150,What is the best posture for maintaining a forearm plank hold to maximize effectiveness?
150,How can I safely increase my plank hold duration without risking injury?
150,Are there any specific breathing techniques that can enhance my performance during this exercise?
150,What other core exercises can complement my forearm plank training to improve results?
150,How should I structure my workout week to include forearm plank holds without overtraining?
151,How can I efficiently solve the five algebra problems within the 25-minute timeframe?
151,What strategies should I use to check my answers after solving each problem?
151,"If I find certain problems challenging, how should I approach repeating them for better understanding?"
151,What resources can help reinforce my math skills between study sessions?
151,Are there specific techniques to enhance retention of the concepts I struggle with?
152,What is the best way to sort through the items in my kitchen drawers before I start cleaning?
152,How should I decide what to keep and what to discard from the drawers?
152,What specific cleaning supplies do I need to effectively wipe down the surfaces of the drawers?
152,"Is it beneficial to group similar items together when reorganizing the drawers, and if so, how should I categorize them?"
152,How can I maintain my kitchen drawers' organization after I finish cleaning and reorganizing them?
153,What specific warm-up exercises should I do before starting the shoulder press?
153,How many sets do you recommend for the dumbbell shoulder press to see results?
153,At what point during the workout should I increase the weight of the dumbbells?
153,Is there a specific target number of reps I should aim for in each set?
153,How can I gauge if I'm using the right amount of weight for my strength level?
154,What elements should I prioritize while sketching the layout for the UI design notes?
154,How can I effectively connect the components in my mind map to illustrate their relationships clearly?
154,What tools can I use to make the process of adding notes quicker and more efficient?
154,Are there any best practices for organizing my design notes to ensure they are easy to reference later?
154,What are some common pitfalls to avoid when creating a mind map for UI design?
155,What categories should I use to sort my cleaning supplies effectively?
155,Are there specific labeling techniques that work best for containers?
155,How can I ensure that the cleaning supplies are stored in a way that maximizes space efficiency?
155,What are some tips for maintaining the organization of my cleaning supplies over time?
155,How do I decide which supplies to keep or discard during the organizing process?
156,What types of fruit work best for yogurt cups and are there any seasonal recommendations?
156,How can I efficiently mix the yogurt and fruit to avoid mess and ensure an even distribution?
156,What containers do you suggest using for storing the yogurt cups in the refrigerator?
156,Are there any tips for making this snack preparation part of my morning routine without feeling rushed?
156,How can I scale this recipe if I want to prepare a larger batch for the week?
157,What specific action items should I focus on during the review of the meeting notes?
157,How can I effectively assign ownership for each action item identified in the notes?
157,What criteria should I use to update the deadlines for the action items?
157,Are there any tools or templates recommended for organizing the action items and assignments?
157,How does this review process help in aligning our team's weekly priorities?
158,What specific techniques can I use to maintain proper form during the forward fold stretch?
158,How many times should I repeat the forward fold if I want to increase my flexibility over time?
158,"Can I incorporate other stretches into my routine alongside the hamstring stretches, or should I focus solely on this exercise?"
158,What are some signs that indicate I am stretching my hamstrings effectively during the hold?
158,Are there any common mistakes to avoid when practicing hamstring stretches to prevent injury?
159,What techniques can I use to generate ideas for the dialogue I need to write?
159,How can I ensure the tone of the dialogue matches the characters' personalities and the overall theme of the project?
159,What strategies can I implement to enhance the pacing of the conversation and keep it engaging?
159,Are there any exercises or prompts that can help me refine my dialogue and make it sound more natural?
159,How can I break the task into smaller parts to manage my time effectively while writing this creative piece?
160,What specific cleaning products do I need for spot cleaning the stains on the carpet?
160,Can you suggest an efficient way to deodorize the carpet after I've cleaned it?
160,How can I manage my time effectively to clean the living room carpet within the estimated 35 minutes?
160,Are there any tips for ensuring I don’t miss any areas while vacuuming the carpet?
160,What should I do if I encounter tough stains that don't come out with regular spot cleaning?
161,How can I assess my progress towards my savings goals effectively?
161,What specific adjustments should I consider for my savings targets based on my current situation?
161,What steps are involved in updating my savings plan after the review?
161,How often should I be reviewing my savings goals to stay on track?
161,What tools or methods can I use to help track my financial habits while reviewing my goals?
162,What specific typing test website or application should I use for the drills?
162,How often should I repeat each drill to maximize my improvement?
162,What metrics should I track to accurately measure my progress in typing speed?
162,Are there any particular typing exercises that are recommended for improving speed more effectively?
162,What steps can I take to stay motivated during the 20-minute practice session?
163,What specific types of vegetables should I use for the grilled chicken salad?
163,How can I ensure the chicken is perfectly grilled without drying it out?
163,What options do I have for dressing the salad to complement the grilled chicken?
163,Are there any quick preparation tips to help me assemble the salad more efficiently?
163,What is the best way to store leftover salad if I have any after making it?
164,What specific mood score should I use to reflect my day accurately?
164,How do I effectively describe my feelings in a way that captures their essence?
164,Is there a recommended format for the note I want to add at the end of my reflection?
164,What benefits can I expect from keeping a daily mood journal over time?
164,How can I stay consistent with my reflections to ensure I do this daily?
165,What are the key techniques I should focus on to maximize the effectiveness of glute kickbacks during my practice?
165,How can I ensure I'm maintaining proper form while executing the kickbacks slowly?
165,Is it beneficial to add weights or resistance bands to enhance my workout for glute kickbacks?
165,What is the best way to track my progress with kickbacks over time to see improvements in lower-body strength?
165,Are there any specific warm-up exercises I should do before starting the kickbacks to prevent injuries?
166,What are the best strategies for sorting my digital documents efficiently?
166,How can I determine which old files to delete during this organization process?
166,What types of folders should I create to categorize my documents effectively?
166,Is there a recommended method for maintaining my organized digital files over time?
166,How can GTD principles be applied specifically to organizing my home documents?
167,What are some effective methods to identify the main issues in my current project workflow?
167,How can I format my proposed solutions to adhere to the SMART criteria?
167,What factors should I consider when setting realistic deadlines for these improvement ideas?
167,Can you provide examples of common issues and solutions that have been used in similar projects?
167,How do I prioritize which improvement ideas to tackle first based on urgency and impact?
168,What specific techniques should I use to achieve smoother blends in my watercolor detailing?
168,How can I determine the best areas to add highlights in my artwork?
168,Are there particular tools or brushes that work best for refining edges in watercolor painting?
168,What small drills or exercises can I incorporate to enhance my detailing skills effectively?
168,How can I ensure that my blending remains soft without losing the vibrancy of the colors?
169,What type of cleaner is most effective for removing streaks from the bathroom mirror?
169,Are there any special techniques I should use for wiping the glass to avoid leaving smudges?
169,How can I efficiently dry the edges of the mirror to prevent water spots?
169,Is it best to clean the mirror in the morning when there is natural light to see any missed spots?
169,What should I do if the cleaner doesn't remove all the grime on the mirror?
170,What strategies can I use to effectively identify the challenging flashcards during my review?
170,How often should I revisit the difficult cards to maximize my retention and understanding of the material?
170,Are there any specific techniques or tools that can enhance my focus while studying the geography flashcards?
170,What is the best way to organize my study session within the estimated 25-minute timeframe to ensure comprehensive coverage of the deck?
170,Can you suggest any methods to track my progress and improvement with the flashcards over time?
171,What type of rice should I use for the best results when cooking with vegetables?
171,How can I effectively sauté the vegetables to ensure they are cooked but still retain their crunch?
171,What are some recommended seasonings to lightly enhance the flavor of both the rice and vegetables?
171,Are there specific vegetables that pair well together when sautéed with rice?
171,How can I streamline the preparation process to ensure everything is ready within the estimated 30 minutes?
172,What are some tips for maintaining my balance during the tree pose and warrior III?
172,How can I effectively track my progress with balance practice over time?
172,Are there specific breathing techniques I should incorporate while performing these poses?
172,What modifications can I make if I'm having difficulty holding the poses for 30 seconds?
172,Can you suggest additional balance exercises that complement this yoga flow?
173,What are some effective ways to identify my three wins for the week?
173,How can I structure my challenges so that they are useful for reflection?
173,What techniques can I use to enhance my sense of gratitude in my notes?
173,Are there specific prompts I should consider when I’m writing my gratitude notes?
173,How can I ensure that these notes are impactful and not just repetitive?
174,What specific categories should I use to sort my art supplies effectively?
174,Can you suggest some labeling techniques that will make it easier to find items later?
174,What are some tips for ensuring my supplies are arranged in a visually appealing way?
174,"How can I break down the task into smaller, manageable sections to avoid feeling overwhelmed?"
174,Are there any recommended containers or storage solutions that work best for different types of art materials?
175,What is the best way to ensure I'm focusing on my form while doing bicycle crunches?
175,How many bicycle crunches should I aim to complete in a 20-minute session?
175,Are there specific breathing techniques I should use while performing these exercises?
175,What should I do if I feel strain in my neck during the bicycle crunches?
175,Can you suggest modifications for bicycle crunches if I find them too challenging?
176,What specific formulas should I focus on highlighting in the summary?
176,How can I effectively identify the three key insights from the chapter?
176,Are there any recommended techniques for better retention while reviewing the summary?
176,What is the best way to structure my notes after highlighting the formulas?
176,"Should I space out my review sessions for this chapter, and if so, how often?"
177,What supplies do I need to effectively clean the edges of my kitchen counter?
177,Are there specific techniques I should use for cleaning the corners to ensure they are thoroughly cleaned?
177,How can I make this cleaning task more efficient to fit within the estimated 10 minutes?
177,What is the best way to ensure the surface dries quickly after wiping it down?
177,Is there a recommended frequency for cleaning the edges of my kitchen counters to maintain cleanliness?
178,What specific warm-up exercises should I do before starting my dumbbell rows?
178,How many sets and repetitions should I aim for when performing the rows?
178,What is the best way to determine the right weight to increase for my dumbbell rows?
178,Can you suggest any tips for maintaining proper form while doing rows to avoid injury?
178,How can I assess my progress in strength training after completing this task?
179,What central goal should I focus on when developing the product roadmap?
179,How do I effectively branch features from the central goal to ensure clarity?
179,What is the best way to incorporate realistic timelines into each feature of the roadmap?
179,Can you provide tips on using Mind Mapping to enhance the visualization of my roadmap structure?
179,What common pitfalls should I avoid when creating product roadmap ideas?
180,What specific folding technique should I use to save space in my towel cabinet?
180,How many towels should I expect to fit in a standard cabinet after organizing them by size?
180,Is there a recommended order for arranging towels to make them more accessible when I need them?
180,What is the best way to tackle this task to ensure I stay motivated and complete it in 20 minutes?
180,Are there any tips for maintaining the organization of the towel cabinet once I've sorted and arranged everything?
181,What types of fruit work best for a salad to enhance flavor and texture?
181,Are there any tips for cutting fruit efficiently to save time during prep?
181,How long can I keep the fruit salad in the refrigerator before it spoils?
181,Can I include any additional ingredients to make the salad more nutritious or flavorful?
181,What are some common mistakes to avoid while making fruit salad for the first time?
182,What criteria should I use to prioritize the sprint goals effectively during the review?
182,How can I best document the adjustments made to the priorities for future reference?
182,What specific updates should I make to the board after listing the goals?
182,Are there any common pitfalls to avoid while reviewing and adjusting these goals?
182,How can I ensure that the team stays aligned with the updated sprint direction after this review?
183,What specific techniques should I use to ensure I’m performing the quad stretch correctly?
183,Can you suggest modifications if I experience discomfort while stretching my quads?
183,Are there any additional benefits beyond improved flexibility from practicing quad stretches regularly?
183,How can I integrate quad stretching into my routine effectively without feeling rushed?
183,What are some signs that I might need to adjust my stretching practice to avoid injury?
184,What specific elements should I focus on to enhance the creativity of my scene?
184,How can I effectively refine the dialogue to make it sound more natural and engaging?
184,What techniques can I use to adjust the pacing so that the scene flows smoothly?
184,Are there particular themes or emotions I should incorporate to make the short scene more impactful?
184,What strategies can I implement to break down the writing process into manageable steps within the estimated time?
185,What supplies do I need to effectively wipe down the nightstand surface?
185,How should I organize the items on the nightstand for better accessibility?
185,What techniques can I use to clean the drawer thoroughly?
185,Can you suggest a way to batch this task with similar cleaning activities around the house?
185,How can I ensure that the cleaning process is completed within the estimated 15 minutes?
186,What specific categories should I focus on when analyzing my monthly expenses?
186,How can I determine if my budget adjustments are realistic and necessary based on my spending habits?
186,What details should I include in the notes after reviewing my expenses?
186,Is there a recommended method for tracking changes in my financial habits over time?
186,How can I efficiently complete this review within the estimated 30-minute timeframe?
187,What specific typing tests should I use for precision drills to ensure effective practice?
187,How can I accurately track my errors while practicing typing drills?
187,Are there any recommended techniques to improve my typing precision during these exercises?
187,"Is it beneficial to repeat certain drills multiple times, and if so, how should I structure that practice?"
187,What metrics should I focus on to measure my improvement in typing precision over time?
188,What specific ingredients do I need to buy for making the chicken wrap?
188,Are there any tips for cooking the chicken to ensure it's juicy and flavorful?
188,What vegetables pair best with chicken in a wrap for added taste and nutrition?
188,How can I efficiently chop the vegetables to save time during the preparation?
188,What are some creative variations or additions I can use to enhance my chicken wrap?
189,What specific thoughts should I focus on when writing my reflection paragraph?
189,How can I structure my paragraph to enhance clarity and coherence?
189,Is there a prompt or theme I can use to guide my daily reflections?
189,What benefits can I expect from making this journaling practice a daily habit?
189,Are there any techniques to overcome writer's block during this daily reflection task?
190,What are some effective techniques to ensure I maintain proper form while doing side raises?
190,How many repetitions should I aim for during each session to maximize the benefits?
190,Are there any specific warm-up exercises I should do before practicing glute side raises?
190,What are some signs that I am performing the exercise correctly and engaging the right muscles?
190,How can I incorporate this exercise into a broader lower-body workout routine effectively?
191,What are some effective strategies for sorting through my digital notes quickly?
191,How should I decide which notes to keep and which to delete during the organization process?
191,What types of categories or folders should I create to best organize my notes?
191,Can you provide tips on maintaining organization once I've sorted my digital notes?
191,What tools or software can assist me in organizing my digital notes effectively?
192,What specific issues should I identify in the project to create a comprehensive improvement plan?
192,How can I ensure that the proposed solutions align with the SMART criteria for better clarity?
192,What steps can I take to effectively set realistic deadlines for implementing the improvements?
192,Are there any common pitfalls I should avoid when drafting my improvement plan for this project?
192,How can I validate the effectiveness of the solutions I propose in the improvement plan?
193,What specific techniques can I use to create a smooth blend for the shadows in my watercolor painting?
193,Are there any recommended color combinations that work best for painting shadows?
193,How can I effectively practice mixing water and pigment to achieve the desired transparency for shadows?
193,What are some common mistakes to avoid when trying to refine shadow edges in a watercolor piece?
193,Can you suggest drills or exercises to improve my overall shadow painting technique apart from this task?
194,What specific materials or cleaning products should I use to clean the stovetop effectively?
194,Are there any particular techniques recommended for removing tough stains on the surface?
194,How can I ensure that I dry the stovetop thoroughly after cleaning to avoid buildup?
194,Is there a best time of day to tackle quick cleaning tasks like this to maintain efficiency?
194,What regular maintenance can I perform to keep my stovetop clean between deep cleanings?
195,What is the best strategy for marking the flashcards I find challenging during my review session?
195,How should I structure my study time over the 25 minutes to optimize retention with these flashcards?
195,Are there recommended intervals for reviewing the marked difficult cards after this initial session?
195,How can I assess my progress with the flashcards to ensure I am improving my memory retention?
195,"Is it beneficial to combine different types of study materials with this flashcard method, and if so, how?"
196,What specific vegetables should I use for the curry to ensure a balanced flavor and texture?
196,Can you suggest some tips for efficiently chopping the vegetables to save time during preparation?
196,"What ingredients do I need to create a robust curry base, and how can I enhance its flavor?"
196,How do I determine the right simmering time for the curry to ensure the vegetables are tender yet not overcooked?
196,"What strategies can I implement to help me consistently prepare this curry every evening, especially on busy nights?"
197,What specific poses should I include in my flexibility flow for the best results?
197,How can I ensure I hold each stretch for the recommended duration without straining?
197,Are there any tips to help me maintain a relaxed breathing pattern while practicing the flow?
197,What should I do if I can't reach the full depth of a stretch during the practice?
197,How often should I repeat this flexibility flow to see significant improvements in my performance?
198,What specific wins should I focus on this week during my reflection?
198,How can I effectively identify the challenges I faced over the past week?
198,What strategies can I use to articulate my desired improvements in my weekly notes?
198,Can you suggest a format that might help me structure my reflection notes better?
198,How does writing weekly reflections contribute to my emotional clarity in practical terms?
199,What are the best methods for sorting different types of craft supplies effectively?
199,How can I create labels for the containers that are both functional and visually appealing?
199,What organizational systems can I use to maximize the space in my craft drawer?
199,Are there any specific strategies to help me stay focused while I work on this task?
199,How can I maintain the organization of my craft supplies after I complete this task?
200,How can I ensure that I am performing Russian twists with proper form to avoid injury?
200,What are some tips for maintaining a tight core during the exercise?
200,Is it necessary to incorporate a warm-up before starting this core training routine?
200,Can I modify the Russian twists if I encounter difficulty maintaining balance?
200,What should I do if I feel discomfort in my back while doing the twists?
201,What specific strategies can I use to effectively mark the difficult cards in my physics flashcard deck?
201,How can I structure my review sessions to maximize retention based on the 25-minute estimate?
201,Are there any recommended techniques for revisiting the marked cards at optimal intervals?
201,What are the benefits of using flashcards specifically for science subjects like physics?
201,Can you suggest methods to stay focused during the review session to avoid distractions?
202,What specific cleaning products are recommended for wiping down kitchen cabinet doors?
202,Are there any tips for effectively removing grease and grime from the handles?
202,How can I ensure that the surfaces dry properly after cleaning to avoid streaks?
202,Should I clean the cabinet doors in a particular order to be more efficient?
202,What time of day is best for completing this quick cleaning task to minimize interruptions?
203,What specific warm-up exercises should I do before starting the bicep curls?
203,How many sets and repetitions of dumbbell curls should I aim for during my practice session?
203,What is the recommended weight increase after I feel comfortable with my current dumbbell size?
203,Are there any common mistakes to avoid while performing the bicep curls to ensure proper form?
203,How can I effectively track my progress in strength as I continue to practice these exercises?
204,What specific types of UI components should I focus on during my brainstorming session?
204,Can you suggest some effective mind mapping techniques that could enhance my visualization process for the component relationships?
204,How can I ensure that my sketches adequately represent different variations of each UI component?
204,What tools or software do you recommend for sketching and documenting my ideas effectively?
204,Are there any guidelines on how to structure my notes to ensure clarity and usefulness during the development phase?
205,What categories should I use to sort my laundry supplies effectively?
205,Can you suggest some simple labeling techniques for my containers?
205,What is the most efficient way to store my laundry supplies once they are organized?
205,How can I make the process of organizing my laundry supplies quicker than the estimated 20 minutes?
205,What tips can you provide to prevent clutter from accumulating in my laundry area again?
206,What specific fruits work best in a smoothie for a quick morning boost?
206,How can I efficiently incorporate smoothie prep into my current morning routine?
206,Are there any tips for ensuring my smoothie has the right consistency every time?
206,What types of yogurt are recommended to enhance flavor and nutrition in my smoothie?
206,How long can I store the prepared smoothie in the refrigerator before it loses freshness?
207,What criteria should I use to list the tasks from the project notes?
207,How do I determine the new priorities for each task during the review?
207,What is the best approach to assign owners to the tasks effectively?
207,How can I ensure that everyone is clear on their responsibilities after the review?
207,What specific outcomes should I look for to confirm that the project direction is clarified?
208,What specific technique should I use to perform the calf stretch correctly?
208,How many times should I repeat the calf stretch to maximize its effectiveness?
208,Are there any warm-up exercises I should do before starting the calf stretches?
208,What are the potential benefits of doing calf stretches daily besides improved flexibility?
208,Can you suggest some variations of calf stretches for someone with tight muscles?
209,What specific themes should I consider when crafting my monologue to enhance its creativity?
209,How can I effectively refine the tone of my monologue to make it more engaging for the audience?
209,What techniques can I use to adjust the pacing of my writing for better flow and impact?
209,Are there any exercises or prompts that could help stimulate my creativity before starting the monologue?
209,"How can I break down the writing process into smaller, manageable steps to ensure I meet the 35-minute estimate?"
210,What tools or supplies do I need to effectively dust and wipe the shelves in my living room?
210,How can I best organize the items on my shelves to maximize space and accessibility?
210,Are there any tips for making the cleaning process faster while ensuring thoroughness?
210,What should I prioritize when deciding which items to keep on the shelves and which to remove?
210,How can I maintain the cleanliness of the shelves after I finish this task?
211,What specific metrics should I use to measure my progress towards my investment goals?
211,How often should I adjust my financial targets to stay aligned with my overall plan?
211,What updates should I consider for my investment plan after reviewing my current status?
211,How can I best analyze my financial habits to identify areas for improvement?
211,What resources or tools can assist me in tracking my progress effectively during this review process?
212,What specific typing tests are recommended for improving my rhythm skills?
212,How can I effectively repeat the drills to ensure I'm getting consistent practice?
212,What metrics should I track to monitor my progress in this typing task?
212,Are there any tips for maintaining focus while practicing typing rhythm drills?
212,Can you suggest a structured schedule to fit these typing exercises into my day?
213,What specific vegetables should I choose for grilling that will complement each other well?
213,How can I ensure that the vegetables are grilled to the perfect level of doneness without overcooking them?
213,Are there any recommended seasoning combinations that would enhance the flavor of the grilled vegetables?
213,What tools or equipment do I need to prepare the grilled vegetable plate efficiently within the 30-minute time frame?
213,Can you suggest any simple side dishes that would pair nicely with the grilled vegetable plate to create a complete meal?
214,What are some effective techniques to identify my daily insights when writing my reflection notes?
214,How can I ensure that my challenge for the day is meaningful and helps me grow?
214,What is the best way to express gratitude in my journaling to make it more impactful?
214,Can you suggest a format or structure I could follow to maintain consistency in my daily reflections?
214,What benefits can I expect from regularly writing these reflection notes over time?
215,How can I ensure I'm using the correct form while doing step-ups?
215,What is the best surface to perform step-ups on for safety and effectiveness?
215,Are there any specific warm-up exercises I should do before starting the step-ups?
215,What should I do if I feel discomfort in my knees during the exercise?
215,How can I track my progress with this exercise over time?
216,What are the best categories for organizing my digital bookmarks effectively?
216,How can I efficiently decide which bookmarks to delete versus keep?
216,What tools or apps can assist me in managing my bookmark folders?
216,How can I maintain my organized bookmarks over time to prevent digital clutter?
216,What is a recommended order to tackle this task to stay focused and on schedule?
217,What key elements should I include in the introduction of the project summary?
217,How can I effectively list the achievements to highlight the project's success?
217,What specific next steps should I propose to align with the project's goals?
217,How can I ensure that my draft follows the SMART structure for better clarity?
217,What strategies can I use to manage my time effectively while drafting this summary within 30 minutes?
218,What specific techniques can I use to effectively blend colors while adding highlights?
218,How can I refine the edges of my watercolor painting without overworking the paper?
218,Are there particular colors that work best for highlights in watercolor?
218,What small drills should I focus on to improve my highlighting skills?
218,How can I adjust the duration of my practice if I find the task too challenging or too easy?
219,What specific cleaning supplies do I need to effectively scrub the sink and wipe the counter?
219,How should I prioritize the areas of the sink and counter while cleaning to ensure I don't miss anything?
219,What is the best technique for drying the surfaces after wiping them down to avoid streaks or residue?
219,Are there any tips for maintaining the cleanliness of the bathroom sink area between cleanings?
219,"Is there a method to gauge if 15 minutes is sufficient for this cleaning task, or should I plan for additional time?"
220,How can I efficiently identify which history flashcards I find most challenging?
220,What strategies can I use to enhance my retention of the flashcards during review sessions?
220,Is there a recommended method for scheduling the review of marked difficult cards over time?
220,Can you suggest ways to maintain focus and motivation while reviewing the flashcards for 25 minutes?
220,Does the order in which I review the flashcards affect my overall retention rate?
221,What type of vegetables work best for a morning omelette?
221,How do I ensure the eggs are beaten properly for a fluffy texture?
221,Are there any specific cooking techniques I should use to fold the omelette without breaking it?
221,What should I do if I don't have all the ingredients for the omelette?
221,How can I manage my time to fit omelette preparation into a busy morning schedule?
222,What specific yoga poses should I include to effectively open my hips during this session?
222,How can I ensure I maintain proper form while doing these poses to avoid injury?
222,Are there any tips for staying focused and present during my 25-minute practice?
222,How can I track my progress in improving my hip flexibility over time?
222,What modifications can I make if I find certain poses challenging during the practice?
223,What specific wins should I focus on for this week's reflection?
223,Can you suggest ways to identify and articulate my challenges from the past week?
223,What improvements should I consider that would help me grow personally?
223,How can I organize my thoughts to ensure a clear and coherent summary?
223,What benefits can I expect from doing this weekly reflection regularly?
224,What specific categories should I consider when sorting my art tools in the drawer?
224,Are there recommended materials for labeling the containers effectively?
224,How should I arrange the tools to maximize space and accessibility?
224,What techniques can I use to minimize the feeling of overwhelm while tackling this organization task?
224,Is there a particular order I should follow when sorting and labeling to streamline the process?
225,What are some tips to maintain proper form while doing leg raises?
225,How can I increase the intensity of my leg raises without compromising my technique?
225,What is the best time of day to incorporate leg raises into my workout routine?
225,How can I tell if I am using my core effectively during the exercise?
225,Are there any variations of leg raises that target different muscle groups?
226,How often should I schedule my flashcard reviews to maximize retention over time?
226,What strategies can I use to effectively rewrite the formulas while reviewing my flashcards?
226,Can you suggest a method to identify which cards I find most challenging during my review?
226,How can I best organize the flashcards to make my study sessions more efficient?
226,Is there a particular timeframe in which I should repeat the difficult cards for optimal memorization?
227,What cleaning supplies do I need to effectively wipe down the faucet?
227,Are there any specific techniques I should use to clean the base of the faucet more thoroughly?
227,How can I ensure that the faucet is completely dry after cleaning?
227,What are the benefits of cleaning the faucet right away instead of delaying it?
227,Is there a recommended schedule for regularly cleaning my kitchen faucet to maintain its appearance?
228,What specific warm-up exercises should I do before starting the dumbbell chest press?
228,"How many sets are recommended for this exercise, and what should my rep range be?"
228,At what point during my sets should I consider increasing the weight of the dumbbells?
228,Can you suggest some good alternatives if I don't have access to dumbbells for chest training?
228,What types of stretches should I include in my cooldown after completing the workout?
229,What are some effective techniques for sketching a wireframe layout to ensure clarity?
229,How can I branch components effectively in my wireframe design to enhance user experience?
229,What types of notes should I include in my wireframe to communicate my ideas clearly?
229,Could you suggest tools or resources that can assist me in mind mapping for wireframe visualization?
229,What common challenges should I anticipate when developing UX wireframe ideas and how can I address them?
230,What are the best ways to sort my spices to make the process easier?
230,How can I create effective labels for my spice jars that are easy to read?
230,What should I consider when arranging my spices to maximize space and accessibility?
230,Are there any tips to make the labeling process more efficient and less time-consuming?
230,How can I maintain this organized pantry setup in the long term to avoid clutter?
231,"What types of fruit work best for making a parfait, and should they be fresh or frozen?"
231,"Can I prepare the fruit parfait the night before, or will it lose its texture?"
231,"What kind of yogurt is recommended for layering, and are there any alternatives I should consider?"
231,How much granola should I use for each layer to ensure a good balance of flavor and texture?
231,Are there any tips to make the parfait visually appealing when presenting it?
232,What specific metrics or criteria should I use to identify wins in the sprint summary?
232,How can I effectively summarize the challenges faced by the team during this sprint?
232,What format or structure is recommended for presenting the next steps in our sprint review?
232,Are there any tools or resources available that can help with analyzing the sprint outcomes more efficiently?
232,What common pitfalls should I avoid while conducting the sprint summary review process?
233,What specific movements should I include in my shoulder circles?
233,How many repetitions of each stretch are recommended for optimal flexibility?
233,Can you suggest a routine to follow for the 15-minute duration of this exercise?
233,"What equipment do I need for the band stretches, and how do I use it correctly?"
233,How often should I practice these stretches to see noticeable improvements?
234,What techniques can I use to develop distinct voices for my characters during the dialogue writing process?
234,How can I effectively refine the tone of the dialogue to match the personalities and emotions of the characters?
234,What strategies can I implement to improve the pacing throughout the dialogue to enhance the overall flow of my writing?
234,How can I break down my writing into smaller goals to make the task of creating character dialogue feel more manageable?
234,Are there specific prompts or exercises that can help spark creativity when writing dialogue for my characters?
235,What steps should I follow to effectively clean the windows in my living room?
235,How long should I expect the entire window cleaning process to take?
235,Are there any specific cleaning products I should use for the best results?
235,Can you suggest techniques for achieving a streak-free finish on my windows?
235,Should I prepare the living room in any way before starting the window cleaning task?
236,What specific metrics should I look at to assess my progress towards my financial goals?
236,How should I prioritize which targets to adjust based on my current financial situation?
236,Are there recommended tools or methods for updating my financial plan effectively?
236,How frequently should I conduct a review of my financial goals to stay on track?
236,What common pitfalls should I avoid when assessing my financial habits and making adjustments?
237,What specific typing tests are recommended for practicing flow drills?
237,How can I effectively repeat the drills without losing focus or motivation?
237,What tools should I use to track my progress during the typing practice?
237,Are there any tips for maintaining a consistent practice schedule for this task?
237,How will concentrating on these flow drills enhance my overall typing skills?
238,What specific vegetables should I include to make my stir-fry colorful and nutritious?
238,Can you suggest any quick tips for chopping vegetables efficiently to save time?
238,What are some suitable seasoning options that would enhance the flavor of my vegetable stir-fry?
238,How can I ensure that the vegetables are cooked evenly without becoming mushy?
238,Are there any time-saving techniques or equipment that can help me with this stir-fry preparation?
239,What specific events or people should I focus on when writing my gratitude paragraph?
239,How can I ensure that my reflections are genuine and not just repetitive?
239,Is there a particular format or style I should follow for my paragraph to make it more impactful?
239,What benefits can I expect from maintaining this daily gratitude practice over time?
239,Can you suggest some prompts or themes to help me get started with my gratitude reflections?
240,What is the proper form for performing glute bridge pulses to ensure effectiveness?
240,How can I modify the exercise if I experience discomfort during the pulses?
240,What should I focus on while holding at the top of each pulse for maximum benefit?
240,"Can I incorporate this exercise into a larger lower-body workout routine, and if so, how?"
240,How often should I perform these pulses to effectively improve my strength over time?
241,What criteria should I use to determine which files to delete while organizing my digital folders?
241,Can you provide tips on effective naming conventions for my folders and files to improve organization?
241,How can I prioritize which folders to sort first when I only have a limited amount of time?
241,Are there any recommended tools or software that can assist me in streamlining the folder organization process?
241,What are some common mistakes to avoid when trying to declutter my digital space?
242,What specific issues should I focus on when writing the project improvement summary?
242,Can you provide examples of effective solutions to common project problems?
242,What is the best way to structure the deadlines to ensure they are realistic and achievable?
242,How can I apply the SMART criteria to make my improvement summary more impactful?
242,Are there any tools or templates you recommend for creating a clear and concise summary?
243,What specific drills can I do to enhance my edge blending skills in watercolor?
243,How can I tell if my edge transitions are looking smooth enough during practice?
243,Are there any recommended color combinations that work best for practicing blending?
243,What techniques can I use to correct any harsh lines that may appear in my watercolor work?
243,How often should I practice these blending drills to see noticeable improvement?
244,What tools or cleaning products should I use to effectively scrub the stovetop grates?
244,Is there a recommended technique for removing tough stains or burnt-on food from the grates?
244,How can I batch clean the grates with other kitchen items to maximize my efficiency?
244,What is the best way to dry the grates after rinsing them to prevent rusting?
244,Are there any specific safety precautions I should take while cleaning stovetop grates?
245,What specific formulas do I need to focus on while reviewing for my exam?
245,Can you suggest an effective way to organize my study session for rewriting and solving the formulas?
245,How often should I review the formulas to maximize my memory retention over time?
245,What types of sample problems should I solve to check my understanding of the formulas I rewrite?
245,Are there any tips for breaking down complex formulas into simpler components during my study?
246,What types of vegetables work best for a baked tray and should I choose seasonal ones?
246,How do I determine the right amount of seasoning to use for the vegetables?
246,What temperature should I set my oven to for optimal baking of the vegetable tray?
246,Are there any tips to ensure the vegetables cook evenly and don't become too soft?
246,What can I serve alongside the baked vegetable tray to make it a complete meal?
247,What specific poses should I include in my yoga routine to enhance flexibility?
247,How can I modify the stretches if I find them too challenging during my practice?
247,Are there specific breathing techniques that would complement the flow of my yoga routine?
247,What are some common mistakes to avoid while practicing the flexibility routine?
247,How can I track my progress in flexibility over time through this yoga practice?
248,What specific wins should I focus on in my reflection this week?
248,How can I effectively articulate the challenges I faced during the week?
248,What strategies can I use to identify areas for improvement in my journal entry?
248,Is there a recommended format or structure I should follow for writing my weekly reflection?
248,How does documenting my thoughts and experiences contribute to my emotional clarity?
249,What are some effective categories for sorting different craft supplies?
249,How can I create labels that are both functional and visually appealing for my containers?
249,What are some tips for arranging stored materials to maximize space and accessibility?
249,How can I stay motivated while organizing a medium-difficulty task like this one?
249,What should I do with supplies that I no longer use or need during the organization process?
250,What is the best way to maintain core engagement during seated leg lifts?
250,Are there any recommended modifications for this exercise if I have hip discomfort?
250,How can I ensure that I am performing the lifts slowly enough to maximize effectiveness?
250,What should I do if I start feeling fatigued before completing the 20-minute duration?
250,Can you suggest any variations of seated leg lifts to keep the workout interesting over time?
